{"cameraMode":{"drawMode":0,"name":"Shaded","section":"Shading Mode"},"sceneLighting":true,"audioPlay":false,"sceneViewState":{"m_AlwaysRefresh":false,"showFog":true,"showSkybox":true,"showFlares":true,"showImageEffects":true,"showParticleSystems":true,"showVisualEffectGraphs":true,"m_FxEnabled":true},"in2DMode":false,"pivot":{"x":17.43105697631836,"y":20.696043014526368,"z":272.9478759765625},"rotation":{"x":0.11793389916419983,"y":-0.8773501515388489,"z":0.29045388102531435,"w":0.36961081624031069},"size":1.3127403259277344,"orthographic":false}